,Auc,Accuracy,F1,Precision,Recall
GMM,0.9986740710270123,0.9535714285714285,0.9392175246756528,1.0,0.8885055685055685
