,Auc,Accuracy,F1,Precision,Recall
VAE,1.0,0.9892857142857142,0.9917321207110377,0.9838095238095239,1.0
